,City,Cloudiness,Country,Date,Humidity,Lat,Lng,Max Temp,Wind Speed
0,Rikitea,55,PF,1583361189,72,-23.12,-134.97,77.59,18.32
1,Barrow,1,US,1583360386,93,71.29,-156.79,-29.2,3.36
2,Horizontina,13,BR,1583361192,49,-27.63,-54.31,71.28,2.39
3,Upata,39,VE,1583361193,69,8.01,-62.4,76.24,9.53
4,Kingaroy,40,AU,1583361195,78,-26.53,151.83,78.01,8.05
5,Labuhan,99,ID,1583361197,95,-6.88,112.21,73.22,9.31
6,Pacific Grove,1,US,1583360640,43,36.62,-121.92,79.0,10.29
7,Grootfontein,43,NA,1583361199,87,-19.57,18.12,62.26,9.62
8,Busselton,97,AU,1583361200,58,-33.65,115.33,61.0,9.24
9,Hasaki,75,JP,1583360687,93,35.73,140.83,46.4,2.24
10,Port Alfred,0,ZA,1583360703,83,-33.59,26.89,71.01,5.99
11,Jacareacanga,78,BR,1583360751,83,-6.22,-57.75,82.4,4.7
12,Torbay,90,CA,1583360768,93,47.67,-52.73,48.0,34.45
13,Costineşti,67,RO,1583361209,100,43.95,28.63,46.4,8.05
14,Port Elizabeth,57,ZA,1583360726,73,-33.92,25.57,71.6,14.99
15,Yangambi,41,CD,1583361211,78,0.81,24.43,74.75,4.45
16,Liverpool,75,GB,1583360982,86,53.41,-2.98,39.99,2.24
17,Port Macquarie,75,AU,1583361043,83,-31.43,152.92,77.0,11.41
18,Ushuaia,40,AR,1583361215,76,-54.8,-68.3,55.4,3.87
19,Nikolskoye,90,RU,1583361216,86,59.7,30.79,39.2,11.18
20,Botucatu,9,BR,1583361217,94,-22.89,-48.45,62.65,4.56
21,Beloha,35,MG,1583360854,78,-25.17,45.05,71.04,17.6
22,Bonthe,22,SL,1583361220,91,7.53,-12.51,79.25,4.45
23,Margate,75,GB,1583361033,93,51.38,1.39,45.0,9.17
24,Albany,40,US,1583361222,42,42.6,-73.97,46.4,13.87
25,George Town,20,MY,1583360628,88,5.41,100.34,82.0,2.68
26,Amapá,1,BR,1583361225,96,1.0,-52.0,72.68,3.85
27,Hermanus,10,ZA,1583361226,93,-34.42,19.23,66.0,2.84
28,Carutapera,100,BR,1583361227,78,-1.2,-46.02,81.03,13.44
29,Tacoronte,40,ES,1583361228,93,28.48,-16.41,69.01,10.29
30,Carnarvon,40,AU,1583360783,100,-24.87,113.63,77.0,9.17
31,Batemans Bay,100,AU,1583361232,97,-35.72,150.18,70.0,13.0
32,Atuona,27,PF,1583360827,74,-9.8,-139.03,80.85,12.66
33,Norman Wells,75,CA,1583360641,62,65.28,-126.83,-13.0,9.17
34,Yellowknife,75,CA,1583361236,64,62.46,-114.35,-2.99,13.87
35,Urusha,100,RU,1583361237,95,54.05,122.9,6.19,4.52
36,Fort Nelson,75,CA,1583360888,51,58.81,-122.7,12.2,3.36
37,Flinders,90,AU,1583360961,100,-34.58,150.86,72.0,11.41
38,Mahébourg,40,MU,1583360870,94,-20.41,57.7,78.8,3.36
39,Hobart,90,AU,1583361056,93,-42.88,147.33,62.6,9.17
40,St. George's,20,GD,1583361063,69,12.06,-61.75,80.6,26.4
41,Hilo,90,US,1583361222,69,19.73,-155.09,78.8,11.41
42,Lavrentiya,85,RU,1583360856,90,65.58,-171.0,1.29,2.75
43,Haines Junction,99,CA,1583361247,95,60.75,-137.51,-1.77,8.12
44,Tasiilaq,95,GL,1583361248,86,65.61,-37.64,26.6,5.82
45,Bethel,1,US,1583361249,29,41.37,-73.41,55.4,8.05
46,Abrantes,68,PT,1583361251,72,39.47,-8.2,60.01,1.01
47,Guerrero Negro,0,MX,1583361252,47,27.98,-114.06,67.37,15.64
48,Karema,99,TZ,1583361253,83,-6.82,30.44,70.99,8.9
49,East London,0,ZA,1583360760,85,-33.02,27.91,77.25,11.16
50,Berlevåg,48,NO,1583360935,62,70.86,29.09,21.2,9.17
51,Playa Vicente,0,MX,1583361257,46,17.83,-95.82,97.0,8.01
52,Chengde,0,CN,1583361258,48,40.97,117.94,21.22,1.86
53,Vanavara,100,RU,1583361259,96,60.34,102.28,12.99,7.14
54,Juba,99,SS,1583361260,36,4.85,31.58,88.77,10.0
55,Poconé,65,BR,1583361262,69,-16.26,-56.62,78.37,2.8
56,Bābai,0,IN,1583361263,37,22.7,77.93,62.33,1.48
57,Ribeira Grande,20,PT,1583361264,67,38.52,-28.7,57.2,6.93
58,Mahon,58,ES,1583361265,93,39.89,4.27,55.4,3.36
59,Narsaq,0,GL,1583360683,50,60.92,-46.05,5.0,2.24
60,Ballina,40,AU,1583361268,74,-28.87,153.57,80.6,13.87
61,Yinchuan,0,CN,1583361269,54,38.47,106.27,34.68,2.59
62,Epe,68,NG,1583361270,86,6.58,3.98,81.57,7.09
63,Saint Paul Harbor,1,US,1583360804,52,57.79,-152.41,17.6,21.92
64,Necochea,0,AR,1583360750,69,-38.55,-58.74,79.0,4.0
65,Cherskiy,65,RU,1583361274,75,68.75,161.3,6.58,15.88
66,Arraial do Cabo,75,BR,1583360697,88,-22.97,-42.03,75.2,12.75
67,Lebu,3,CL,1583361277,70,-37.62,-73.65,63.48,12.73
68,Avarua,0,CK,1583361278,79,-21.21,-159.78,84.2,5.82
69,Nyurba,73,RU,1583361185,97,63.28,118.33,-4.59,4.34
70,Coquimbo,75,CL,1583361130,77,-29.95,-71.34,64.4,9.17
71,Eyl,18,SO,1583361281,67,7.98,49.82,77.38,10.18
72,Cape Town,2,ZA,1583361283,88,-33.93,18.42,68.0,10.29
73,Hithadhoo,100,MV,1583361031,76,-0.6,73.08,82.78,14.2
74,Bluff,0,NZ,1583360718,65,-46.6,168.33,50.23,3.33
75,Kapaa,40,US,1583360769,69,22.08,-159.32,80.6,12.75
76,Whitehorse,75,CA,1583361044,60,60.72,-135.05,12.99,8.05
77,Ostrovnoy,22,RU,1583361022,80,68.05,39.51,10.76,11.48
78,Taoudenni,0,ML,1583361290,12,22.68,-3.98,77.11,10.87
79,Kathmandu,20,NP,1583361191,93,27.72,85.32,48.2,2.24
80,Butaritari,100,KI,1583361294,79,3.07,172.79,83.41,17.02
81,Labuan,90,MY,1583361296,100,5.28,115.24,80.6,1.12
82,Ferkessédougou,0,CI,1583361297,48,9.6,-5.2,77.74,2.77
83,Vaini,40,TO,1583361298,74,-21.2,-175.2,84.2,5.82
84,Bereda,40,ES,1583361299,87,43.27,-7.54,62.01,17.22
85,Gainesville,1,US,1583361257,61,29.65,-82.32,82.0,17.22
86,Padang,100,ID,1583360800,96,-0.95,100.35,68.36,1.86
87,Izumo,75,JP,1583361304,56,35.37,132.77,42.8,20.8
88,Seoul,1,KR,1583361097,79,37.57,126.98,28.4,1.12
89,Thompson,75,CA,1583361307,57,55.74,-97.86,23.0,5.82
90,Castro,34,BR,1583361204,70,-24.79,-50.01,62.73,3.04
91,Vardø,69,NO,1583361266,68,70.37,31.11,24.8,35.57
92,Tazovsky,99,RU,1583360906,95,67.47,78.7,8.47,6.93
93,New Norfolk,90,AU,1583361314,93,-42.78,147.06,62.6,9.17
94,Goderich,59,CA,1583361250,85,43.75,-81.72,35.01,4.0
95,Sacama,75,EC,1583361317,54,-3.9,-79.27,78.8,12.75
96,Bani Walid,3,LY,1583361318,62,31.76,13.99,52.41,18.43
97,Bariloche,20,AR,1583361136,22,-41.15,-71.31,77.0,20.8
98,Punta Arenas,75,CL,1583361322,63,-53.15,-70.92,62.6,14.99
99,Mogadishu,61,SO,1583361323,81,2.04,45.34,80.4,10.96
100,Strezhevoy,40,RU,1583361110,66,60.73,77.59,12.2,8.95
101,Uribia,7,CO,1583361326,54,11.71,-72.27,82.04,16.08
102,São Filipe,0,CV,1583361327,66,14.9,-24.5,73.54,15.99
103,Esperance,46,AU,1583361328,77,-33.87,121.9,59.0,13.87
104,Hanyang,90,CN,1583361329,88,32.14,105.51,46.65,2.01
105,Louisville,1,US,1583361032,38,38.25,-85.76,61.0,9.17
106,Jalu,24,LY,1583361332,30,29.03,21.55,63.5,12.59
107,Cidreira,65,BR,1583361333,72,-30.18,-50.21,72.28,12.97
108,Asău,48,RO,1583361056,81,46.43,26.4,52.0,10.29
109,Saldanha,0,ZA,1583361085,88,-33.01,17.94,66.2,10.29
110,Yatou,0,CN,1583361337,54,37.15,122.38,33.17,6.31
111,Hong Kong,40,HK,1583361338,93,22.29,114.16,62.6,10.29
112,Cayenne,40,GF,1583361338,74,4.93,-52.33,80.6,6.93
113,Ojinaga,90,MX,1583361340,47,29.57,-104.42,59.0,18.34
114,Mawlaik,8,MM,1583361343,62,23.63,94.42,59.7,1.86
115,Ulaanbaatar,87,MN,1583361344,76,47.91,106.88,-5.8,2.26
116,Ponta do Sol,40,PT,1583360984,77,32.67,-17.1,62.6,10.29
117,Lorengau,96,PG,1583361346,72,-2.02,147.27,84.72,9.84
118,Puerto Ayora,75,EC,1583361348,83,-0.74,-90.35,80.6,8.05
119,Jamestown,90,US,1583361349,93,42.1,-79.24,36.0,9.17
120,Beira,75,MZ,1583361350,74,-19.84,34.84,78.8,9.17
121,Mataura,0,NZ,1583361351,61,-46.19,168.86,60.01,3.0
122,Banda Aceh,55,ID,1583361353,93,5.56,95.32,73.0,2.15
123,Siguiri,0,GN,1583361354,13,11.67,-9.5,72.55,0.65
124,Heihe,20,CN,1583361355,84,50.24,127.49,1.4,3.04
125,San Luis de la Paz,100,MX,1583361356,17,21.3,-100.52,81.0,8.01
126,Fare,93,PF,1583361101,70,-16.7,-151.02,82.27,6.44
127,Cabo San Lucas,75,MX,1583361359,43,22.89,-109.91,73.99,8.05
128,Khatanga,96,RU,1583361360,100,71.97,102.5,-11.04,9.98
129,São João da Barra,90,BR,1583360872,94,-21.64,-41.05,73.4,11.41
130,Kalanguy,0,RU,1583361362,78,51.02,116.52,2.37,1.79
131,Aksu,0,CN,1583361363,43,41.12,80.26,39.07,2.42
132,Saint-Philippe,90,RE,1583361365,94,-21.36,55.77,78.8,5.82
133,Los Llanos de Aridane,100,ES,1583361367,82,28.66,-17.92,66.2,10.29
134,Ancud,20,CL,1583360862,64,-41.87,-73.82,71.6,6.93
135,Nālūt,1,LY,1583361370,44,30.33,10.85,51.19,6.8
136,Souillac,40,MU,1583361371,94,-20.52,57.52,79.0,3.36
137,Belmonte,20,BR,1583361172,74,-15.86,-38.88,82.4,12.75
138,Jiangyou,99,CN,1583361373,94,31.77,104.72,41.11,1.41
139,Mbuguni,75,TZ,1583361374,94,-3.57,36.95,68.0,3.6
140,Nizhniy Kuranakh,100,RU,1583361376,93,58.84,125.49,8.58,7.14
141,Moerai,100,PF,1583361377,90,-22.43,-151.33,75.38,6.93
142,Totness,26,SR,1583361378,77,5.88,-56.32,78.98,20.22
143,Kudahuvadhoo,17,MV,1583360883,74,2.67,72.89,82.35,11.88
144,Sidi Ali,0,DZ,1583360845,82,36.1,0.42,52.99,3.91
145,Kidal,0,ML,1583361382,10,18.44,1.41,74.21,10.49
146,Barguzin,100,RU,1583361383,96,53.62,109.62,1.58,3.71
147,Brigantine,1,US,1583361348,35,39.41,-74.36,57.99,10.29
148,Klaksvík,46,FO,1583361388,74,62.23,-6.59,37.4,6.93
149,Korla,49,CN,1583360824,50,41.76,86.15,41.0,5.99
150,Upernavik,97,GL,1583361390,73,72.79,-56.15,-11.58,5.26
151,Chardara,100,KZ,1583361392,60,41.25,67.97,47.23,7.16
152,Socorro,75,US,1583361393,44,31.65,-106.3,62.01,6.93
153,Grindavik,75,IS,1583361394,100,63.84,-22.43,28.4,6.93
154,Provideniya,0,RU,1583361395,71,64.38,-173.3,8.6,4.47
155,Acajutla,0,SV,1583361397,33,13.59,-89.83,91.4,4.7
156,Alofi,75,NU,1583361398,83,-19.06,-169.92,80.6,5.82
157,Buin,0,CL,1583361182,29,-33.73,-70.75,87.8,6.93
158,Dikson,100,RU,1583361184,96,73.51,80.55,-12.3,17.22
159,Mar del Plata,75,AR,1583361298,94,-38.0,-57.56,73.0,13.87
160,Pemberton,75,CA,1583360908,48,50.32,-122.8,39.2,3.36
161,Vanimo,88,PG,1583361404,75,-2.67,141.3,82.54,7.23
162,Barcelos,75,PT,1583361231,100,41.54,-8.62,59.0,13.87
163,Lompoc,1,US,1583361066,59,34.64,-120.46,71.6,10.29
164,Kahului,40,US,1583361408,54,20.89,-156.47,84.2,9.17
165,Bredasdorp,19,ZA,1583361409,82,-34.53,20.04,66.2,3.36
166,Leningradskiy,51,RU,1583360945,61,69.38,178.42,0.57,3.58
167,Sadovoye,76,RU,1583361411,74,47.78,44.51,45.01,2.19
168,Praia da Vitória,20,PT,1583361148,71,38.73,-27.07,57.2,18.05
169,Nelson Bay,90,AU,1583361414,88,-32.72,152.15,75.0,5.82
170,Comodoro Rivadavia,0,AR,1583361115,29,-45.87,-67.5,87.8,12.75
171,Airai,92,TL,1583361416,77,-8.93,125.41,75.38,2.04
172,Nieuw Amsterdam,40,SR,1583361419,74,5.88,-55.08,81.0,6.93
173,Birobidzhan,0,RU,1583361420,78,48.8,132.95,20.41,1.23
174,Codrington,100,AU,1583360939,91,-38.27,141.97,61.3,11.99
175,Kavaratti,11,IN,1583361423,71,10.57,72.64,82.02,10.83
176,Yate,90,GB,1583361425,100,51.54,-2.42,43.0,9.17
177,Qingyuan,75,CN,1583361426,76,23.7,113.03,61.0,4.47
178,Mossamedes,0,AO,1583361427,76,-15.2,12.15,74.16,14.47
179,Tierralta,46,CO,1583361428,77,8.17,-76.06,77.5,3.42
180,Bengkulu,100,ID,1583361252,88,-3.8,102.27,73.31,4.18
181,Poum,14,NC,1583361431,79,-20.23,164.02,81.23,18.88
182,Olafsvik,47,IS,1583361432,68,64.89,-23.71,29.7,11.86
183,Tuatapere,0,NZ,1583360835,57,-46.13,167.68,51.19,1.97
184,Itarema,69,BR,1583361212,93,-2.92,-39.92,75.83,1.7
185,Dire Dawa,1,ET,1583361436,45,9.59,41.87,65.86,10.98
186,Buala,97,SB,1583361437,65,-8.14,159.59,88.27,3.62
187,Menongue,74,AO,1583361439,92,-14.66,17.69,60.53,2.53
188,Hamilton,20,US,1583361440,38,39.18,-84.53,59.0,9.17
189,Tuktoyaktuk,90,CA,1583361442,74,69.45,-133.04,-22.0,11.41
190,Wewak,100,PG,1583361024,72,-3.55,143.63,82.98,7.47
191,Nanortalik,0,GL,1583361445,57,60.14,-45.24,21.2,8.95
192,Hopeman,17,GB,1583361446,89,57.71,-3.43,37.4,5.82
193,Chokurdakh,0,RU,1583361447,80,70.63,147.92,-10.53,2.57
194,Muroto-misakicho,75,JP,1583361448,65,33.28,134.15,41.0,8.05
195,Taos,40,US,1583361450,15,36.41,-105.57,55.4,11.41
196,Moree,90,AU,1583361451,83,-29.47,149.85,71.6,19.46
197,Volksrust,0,ZA,1583361452,89,-27.37,29.88,54.0,4.7
198,Mattru,0,SL,1583360973,80,7.62,-11.83,81.09,6.06
199,Shanhecun,52,CN,1583361454,93,44.7,127.2,13.24,8.03
200,Province of Groningen,69,NL,1583361456,100,53.25,6.75,37.0,1.12
201,Diamantino,97,BR,1583361457,81,-14.41,-56.45,73.98,1.03
202,Najrān,51,SA,1583361458,42,17.49,44.13,64.4,2.8
203,Ponta Delgada,20,PT,1583361435,62,37.73,-25.67,57.2,3.36
204,Bulgan,100,MN,1583360873,76,48.81,103.53,15.55,6.64
205,Katsuura,40,JP,1583361462,87,35.13,140.3,48.2,38.23
206,Vidim,100,RU,1583361464,97,56.41,103.11,17.08,5.48
207,Zhigansk,100,RU,1583361075,93,66.77,123.37,2.19,15.46
208,Coyhaique,20,CL,1583361468,49,-45.58,-72.07,69.8,4.7
209,Maralal,100,KE,1583361469,78,1.1,36.7,65.3,7.94
210,Jardim,21,BR,1583361470,62,-21.48,-56.14,74.52,5.37
211,Saint George,1,US,1583361063,20,37.1,-113.58,66.2,5.1
212,Tezu,51,IN,1583361473,51,27.92,96.17,58.95,3.6
213,Nizwá,0,OM,1583361474,50,22.93,57.53,55.87,4.92
214,Pevek,36,RU,1583361475,68,69.7,170.31,0.73,10.33
215,Lüderitz,0,NA,1583361476,78,-26.65,15.16,71.6,10.29
216,Rawson,100,AR,1583361479,76,-43.3,-65.1,70.2,6.24
217,Matara,81,LK,1583361480,90,5.95,80.54,75.69,4.36
218,Wexford,50,IE,1583361280,85,52.33,-6.46,39.0,4.0
219,Tabou,100,CI,1583361483,95,4.42,-7.35,79.14,3.65
220,Husavik,99,IS,1583361484,84,66.04,-17.34,8.6,5.82
221,Batticaloa,84,LK,1583361485,90,7.71,81.69,69.24,3.09
222,Vila Velha,90,BR,1583361486,100,-20.33,-40.29,75.2,8.05
223,Rovnoye,84,RU,1583361487,94,50.78,46.05,36.34,5.46
224,Kruisfontein,58,ZA,1583361050,65,-34.0,24.73,69.78,5.23
225,Iracoubo,41,GF,1583361490,76,5.48,-53.2,79.54,16.02
226,Mujiayingzi,0,CN,1583361492,36,42.12,118.78,20.12,4.65
227,Antalaha,100,MG,1583361494,76,-14.9,50.28,81.43,21.32
228,Te Anau,1,NZ,1583361495,74,-45.42,167.72,46.35,2.15
229,Bucşani,93,RO,1583361496,93,44.87,25.65,50.0,11.41
230,Egvekinot,7,RU,1583361305,95,66.32,-179.17,-5.17,4.76
231,Modra,3,SK,1583361498,65,48.33,17.31,41.0,8.05
232,La Unión,44,PE,1583361500,55,-5.4,-80.75,83.71,18.28
233,Qaanaaq,100,GL,1583361502,100,77.48,-69.36,-15.72,1.36
234,Hirara,75,JP,1583361093,93,24.8,125.28,62.6,19.46
235,Naryan-Mar,0,RU,1583361504,90,67.67,53.09,8.96,9.73
236,Nurota,75,UZ,1583361507,75,40.56,65.69,44.6,9.17
237,Hella,75,NO,1583361508,81,67.2,14.43,32.0,28.86
238,Hongjiang,41,CN,1583361509,88,27.11,110.0,43.29,0.25
239,Várzea Grande,20,BR,1583361362,48,-15.65,-56.13,87.8,3.36
240,Ugleural'skiy,69,RU,1583361512,55,58.95,57.58,14.0,3.0
241,Santa Maria,20,BR,1583361364,48,-29.68,-53.81,82.4,6.93
242,Camacha,75,PT,1583361514,77,33.08,-16.33,62.6,4.7
243,Lagoa,8,PT,1583361515,68,39.05,-27.98,58.44,16.91
244,Yerofey Pavlovich,98,RU,1583361517,94,53.97,121.97,7.56,2.53
245,Basco,79,PH,1583361518,85,20.45,121.97,74.44,20.76
246,Grand Gaube,40,MU,1583361135,94,-20.01,57.66,79.0,3.36
247,Gal'bshtadt,100,RU,1583361520,92,53.23,78.98,17.08,13.73
248,Salalah,13,OM,1583361521,14,17.02,54.09,80.6,13.87
249,Shitanjing,14,CN,1583361238,48,39.23,106.34,32.22,0.63
250,Khandyga,77,RU,1583361524,87,62.67,135.6,-0.08,2.04
251,Sitka,75,US,1583360991,64,57.05,-135.33,37.4,16.11
252,Kiryat Gat,0,IL,1583361526,77,31.61,34.76,60.8,4.7
253,Oddur,100,SO,1583361527,85,4.12,43.89,70.0,11.9
254,Uga,0,NG,1583361529,77,5.94,7.08,80.11,8.14
255,Kumul,99,CN,1583361149,48,42.8,93.45,36.3,6.87
256,Aklavik,40,CA,1583361532,62,68.22,-135.01,-13.0,9.95
257,Coolum Beach,64,AU,1583361508,78,-26.53,153.1,81.0,6.13
258,Aquiraz,75,BR,1583361535,88,-3.9,-38.39,81.0,3.36
259,Kozan,100,TR,1583361536,93,37.46,35.82,51.8,5.82
260,Shache,100,CN,1583361537,34,38.42,77.24,43.65,3.09
261,Kavieng,100,PG,1583361538,63,-2.57,150.8,84.76,3.24
262,Praxédis Guerrero,75,MX,1583361540,41,31.37,-106.02,60.8,8.05
263,Finnsnes,20,NO,1583361541,62,69.23,17.98,28.4,23.04
264,Ouégoa,14,NC,1583361542,63,-20.35,164.43,83.91,4.92
265,Rocha,0,UY,1583360666,51,-34.48,-54.33,75.81,12.35
266,Acapulco de Juárez,5,MX,1583360736,70,16.86,-99.89,86.0,9.17
267,Jetpur,0,IN,1583361546,93,21.73,70.62,64.42,2.62
268,Ginir,99,ET,1583361547,63,7.13,40.7,63.27,3.74
269,Mehamn,74,NO,1583361144,72,71.04,27.85,23.0,19.46
270,Murray Bridge,75,AU,1583361549,78,-35.12,139.27,63.0,1.01
271,Tommot,100,RU,1583361098,95,58.96,126.29,4.95,2.57
272,Yangi Marg`ilon,40,UZ,1583361552,75,40.43,71.72,46.4,6.93
273,Kamenka,92,RU,1583361553,95,51.32,42.77,34.0,9.91
274,Maţāy,0,EG,1583361554,14,28.42,30.78,66.94,14.29
275,College,1,US,1583361557,75,64.86,-147.8,-7.01,2.68
276,Punta de Piedra,35,VE,1583361558,34,7.62,-71.49,83.23,2.3
277,Horsham,75,GB,1583361559,100,51.06,-0.33,45.0,6.93
278,Hambantota,75,LK,1583361560,100,6.12,81.12,77.0,2.24
279,Sola,75,VU,1583361561,79,-13.88,167.55,86.0,6.93
280,Chapais,90,CA,1583361564,62,49.78,-74.85,24.8,12.75
281,Northam,75,GB,1583361565,100,51.03,-4.22,46.99,5.82
282,Jerome,1,US,1583361566,28,42.72,-114.52,57.2,26.4
283,Kabanjahe,40,ID,1583361567,100,3.1,98.49,77.0,3.36
284,Saskylakh,84,RU,1583361569,100,71.92,114.08,-8.52,2.01
285,Luang Prabang,51,LA,1583361570,84,19.89,102.13,62.69,1.83
286,Sishui,0,CN,1583361571,19,35.65,117.28,39.99,7.78
287,Lindås,75,NO,1583361572,100,60.74,5.16,37.0,9.17
288,The Valley,20,AI,1583360875,73,18.22,-63.06,80.6,12.75
289,São Sebastião do Paraíso,0,BR,1583361575,97,-20.92,-46.99,63.75,3.04
290,Coos Bay,1,US,1583361283,76,43.37,-124.22,60.01,12.75
291,Laguna,1,US,1583361577,31,38.42,-121.42,81.0,1.14
292,Isangel,20,VU,1583361141,70,-19.55,169.27,86.0,5.82
293,Sabang,94,ID,1583361580,75,5.89,95.32,81.68,7.72
294,Adrar,0,MR,1583361581,7,20.5,-10.07,73.72,6.91
295,Shimoda,100,JP,1583361582,79,34.67,138.95,52.0,1.01
296,Biu,11,NG,1583361583,13,10.61,12.19,83.7,14.25
297,Indaial,75,BR,1583361585,73,-26.9,-49.23,77.0,13.87
298,Maple Creek,67,CA,1583361586,49,49.92,-109.48,36.48,22.59
299,Kalocsa,0,HU,1583361587,99,46.53,18.99,36.0,6.49
300,Mahanoro,43,MG,1583361588,80,-19.9,48.8,79.61,17.78
301,Mariestad,96,SE,1583361589,93,58.71,13.82,35.6,5.82
302,Cervo,97,ES,1583361591,86,43.67,-7.41,62.01,8.99
303,Glotovka,82,RU,1583361592,96,53.95,46.7,29.08,2.84
304,Lastoursville,100,GA,1583361593,97,-0.81,12.73,73.15,1.83
305,Faanui,86,PF,1583361594,73,-16.48,-151.75,82.45,6.29
306,Kapurthala Town,40,IN,1583361596,93,31.38,75.38,60.8,4.7
307,Pyshchug,9,RU,1583361597,92,58.89,45.71,17.24,6.82
308,Sebastian,1,US,1583361598,44,35.17,-94.27,60.8,6.93
309,Xining,38,CN,1583361599,38,36.62,101.77,25.59,4.65
310,Toktogul,82,KG,1583361600,68,41.87,72.94,25.54,4.21
311,Ketchikan,90,US,1583361602,100,55.34,-131.65,37.4,17.22
312,Ugoofaaru,35,MV,1583361603,69,5.67,73.0,82.38,4.61
313,Hualmay,86,PE,1583361604,72,-11.1,-77.61,74.12,6.38
314,Bentiu,21,SS,1583361605,12,9.23,29.83,77.11,6.04
315,Talnakh,100,RU,1583361606,84,69.49,88.4,8.6,13.42
316,Kashgar,100,CN,1583361608,30,39.45,75.98,44.6,11.18
317,Sunel,0,IN,1583361609,36,24.37,75.97,63.68,5.68
318,Gongzhuling,0,CN,1583361610,81,43.5,124.82,19.15,9.35
319,Bāneh,0,IR,1583361611,81,36.0,45.89,31.32,6.38
320,São Gotardo,0,BR,1583361613,93,-19.31,-46.05,66.58,4.0
321,São Félix do Xingu,96,BR,1583361614,97,-6.64,-51.99,74.25,2.86
322,Mandalgovi,45,MN,1583361615,63,45.76,106.27,17.94,13.4
323,Kaliua,100,TZ,1583361618,96,-5.06,31.79,63.75,3.62
324,Alugan,84,PH,1583361619,88,12.22,125.48,79.63,4.81
325,Tiksi,100,RU,1583361621,83,71.69,128.87,1.06,12.77
326,Løding,75,NO,1583361622,71,67.3,14.75,32.0,28.86
327,Carballo,40,ES,1583361624,87,43.21,-8.69,63.0,17.22
328,Umba,82,RU,1583361625,92,66.69,34.34,18.16,17.16
329,Berasia,0,IN,1583361626,33,23.63,77.43,61.81,6.6
330,Liwale,100,TZ,1583361627,97,-9.77,37.93,68.22,3.04
331,Calabozo,0,VE,1583361628,33,8.92,-67.43,84.25,4.7
332,Omsukchan,78,RU,1583361114,96,62.53,155.8,-3.41,10.67
333,Bourail,5,NC,1583361631,63,-21.57,165.48,84.06,4.68
334,Hervey Bay,90,AU,1583361632,65,-25.3,152.85,84.99,11.41
335,Villa Sandino,40,NI,1583361633,36,12.05,-84.99,93.2,4.7
336,Bowen,40,AU,1583361635,88,-20.02,148.23,84.99,3.36
337,Zaraza,3,VE,1583361636,76,9.35,-65.32,76.14,12.08
338,Qianjiang,22,CN,1583361638,78,30.42,112.89,47.21,7.4
339,Atbasar,100,KZ,1583361640,86,51.8,68.33,14.16,6.33
340,Ahipara,83,NZ,1583361059,100,-35.17,173.17,69.01,1.01
341,Antofagasta,75,CL,1583361642,72,-23.65,-70.4,68.0,14.99
342,Tual,100,ID,1583361643,76,-5.67,132.75,83.82,12.82
343,Altay,0,CN,1583361644,54,47.87,88.12,8.8,6.33
344,Agirish,0,RU,1583361646,82,61.92,63.02,11.32,12.82
345,Lakes Entrance,100,AU,1583361647,95,-37.88,147.98,66.99,3.0
346,Bilibino,2,RU,1583361648,60,68.05,166.44,1.89,2.26
347,Kemijärvi,100,FI,1583361086,81,66.71,27.43,18.0,15.19
348,Skellefteå,90,SE,1583361650,92,64.75,20.95,27.0,12.75
349,Batié,26,BF,1583361652,40,9.88,-2.92,79.43,2.13
350,Kyzyl-Suu,0,KG,1583361653,52,42.34,78.0,28.65,5.37
351,Preobrazheniye,100,RU,1583361119,72,42.9,133.91,26.2,8.43
352,Uyuni,46,BO,1583361656,37,-20.46,-66.83,55.22,20.09
353,Kalmunai,100,LK,1583361657,67,7.42,81.82,79.86,6.22
354,São Paulo de Olivença,100,BR,1583361659,98,-3.38,-68.87,75.43,1.36
355,Dabakala,40,CI,1583361661,69,8.37,-4.43,75.25,2.08
356,Bambous Virieux,40,MU,1583361662,94,-20.34,57.76,79.0,3.36
357,San Cristobal,20,VE,1583361663,49,7.77,-72.22,89.6,10.29
358,Salamanca,90,ES,1583361664,87,40.83,-6.0,51.8,6.93
359,Avera,90,US,1583361666,93,33.19,-82.53,59.0,3.36
360,Lahaina,20,US,1583361668,65,20.88,-156.68,84.2,6.93
361,North Bend,1,US,1583361669,76,43.41,-124.22,60.01,12.75
362,Mount Gambier,90,AU,1583361079,93,-37.83,140.77,60.8,9.17
363,Lensk,86,RU,1583361509,97,60.73,114.93,2.62,4.45
364,Kuril'sk,97,RU,1583361673,85,45.23,147.88,29.32,14.14
365,Robertsganj,14,IN,1583361674,56,24.7,83.07,65.82,4.61
366,Ozinki,38,RU,1583361675,93,51.18,49.68,34.75,9.26
367,Iqaluit,75,CA,1583361677,84,63.75,-68.51,3.2,4.7
368,Constitución,6,CL,1583361678,82,-35.33,-72.42,57.85,7.81
369,Morón,0,AR,1583361573,42,-34.65,-58.62,84.99,10.29
370,Philadelphia,40,US,1583361411,35,39.95,-75.16,57.99,10.29
371,Port-Cartier,90,CA,1583361682,92,50.03,-66.87,30.99,13.87
372,Aiquile,2,BO,1583361683,82,-18.2,-65.18,59.95,2.28
373,Eureka,20,US,1583361573,76,40.8,-124.16,60.01,5.82
374,Tapia,100,PH,1583361685,88,7.75,126.01,76.37,4.7
375,Tōno,76,JP,1583361687,93,39.32,141.53,37.0,1.99
376,Les Cayes,3,HT,1583361688,75,18.2,-73.75,80.37,15.19
377,Maumere,100,ID,1583361689,71,-8.62,122.21,81.37,1.59
378,Imbituba,75,BR,1583361682,83,-28.24,-48.67,75.2,9.17
379,Auki,94,SB,1583361694,70,-8.77,160.7,84.81,2.93
380,Juneau,90,US,1583361695,74,58.3,-134.42,37.4,19.46
381,Boende,0,CD,1583361696,76,-0.22,20.87,75.78,1.39
382,Lata,75,PT,1583361136,93,40.16,-8.33,60.01,9.17
383,Swakopmund,13,NA,1583361699,88,-22.68,14.53,68.0,5.82
384,Clyde River,75,CA,1583361700,75,70.47,-68.59,-14.8,16.11
385,Felanitx,20,ES,1583361701,93,39.47,3.15,55.99,3.36
386,Meulaboh,100,ID,1583361704,77,4.14,96.13,82.38,8.25
387,Nabire,100,ID,1583361125,100,-3.37,135.48,73.31,2.06
388,Voiron,90,FR,1583361707,61,45.36,5.59,48.2,4.7
389,Inta,94,RU,1583361709,90,66.03,60.17,8.74,13.15
390,Pilar,1,BR,1583361710,83,-9.6,-35.96,82.4,10.29
391,Rodolfo Sánchez Taboada,15,MX,1583361711,76,31.72,-116.57,64.0,5.01
392,São Miguel do Guamá,66,BR,1583361713,95,-1.63,-47.48,72.95,4.76
393,Chennai,40,IN,1583361715,88,13.09,80.28,80.01,3.36
394,Kutum,0,SD,1583361716,24,14.2,24.67,60.57,2.82
395,Marovoay,20,MG,1583361718,83,-16.1,46.63,82.4,4.7
396,Hobyo,73,SO,1583361720,85,5.35,48.53,75.65,9.01
397,Iquitos,75,PE,1583361721,100,-3.75,-73.25,42.8,2.24
398,Lima,27,PE,1583361538,65,-12.04,-77.03,80.6,10.29
399,Sangar,100,RU,1583361723,87,63.92,127.47,2.07,13.87
400,Ambovombe,47,MG,1583361724,81,-25.17,46.08,70.03,14.34
401,Mrągowo,100,PL,1583361726,78,53.86,21.31,35.6,4.7
402,May Pen,20,JM,1583361727,70,17.96,-77.25,84.2,24.16
403,Sungai Penuh,100,ID,1583361728,99,-2.08,101.38,63.41,2.66
404,Karatuzskoye,82,RU,1583361729,92,53.61,92.87,17.58,3.96
405,Dzerzhinskoye,95,RU,1583361730,87,56.83,95.23,22.44,9.48
406,Kathu,20,TH,1583361732,74,7.92,98.33,78.8,3.36
407,Guiyang,90,CN,1583361733,87,26.58,106.72,42.8,4.47
408,Port Hawkesbury,90,CA,1583361734,93,45.62,-61.35,39.99,13.87
409,Saint-Augustin,100,CA,1583361735,95,51.23,-58.65,30.09,37.78
410,Taltal,2,CL,1583361737,88,-25.4,-70.48,59.83,2.21
411,Svobodnyy,100,RU,1583361738,96,51.4,128.13,9.28,7.52
412,Fort-Shevchenko,1,KZ,1583361739,88,44.51,50.26,43.59,11.01
413,Seynod,90,FR,1583361740,65,45.89,6.09,48.2,3.36
414,Kununurra,57,AU,1583361741,94,-15.77,128.73,75.2,3.36
415,Itaituba,17,BR,1583361743,92,-4.28,-55.98,75.97,2.08
416,Makkah al Mukarramah,8,SA,1583361658,59,21.43,39.83,73.78,2.42
417,Naze,75,JP,1583361745,76,28.37,129.48,59.0,11.41
418,La Ronge,90,CA,1583361671,79,55.1,-105.28,26.6,3.36
419,Port Lincoln,100,AU,1583361748,73,-34.73,135.87,61.45,11.12
420,Ossora,7,RU,1583361749,64,59.24,163.07,5.13,1.57
421,Tsimmerbude,100,RU,1583361750,93,54.67,20.13,35.6,4.47
422,Baiyin,18,CN,1583361544,62,36.56,104.21,39.99,6.71
423,Almaznyy,1,RU,1583361752,75,48.04,40.05,42.8,6.71
424,Zernograd,22,RU,1583361754,60,46.85,40.31,43.0,5.01
425,Ninghai,62,CN,1583361755,72,29.29,121.42,48.0,4.47
426,Faya,0,SA,1583361756,47,18.39,42.45,60.8,6.93
427,Vaitape,86,PF,1583361757,73,-16.52,-151.75,82.45,6.29
428,Dingle,70,PH,1583361759,76,11.0,122.67,78.66,13.8
429,Dunedin,0,NZ,1583361650,52,-45.87,170.5,64.99,3.0
430,Rubtsovsk,99,RU,1583361761,87,51.5,81.25,19.33,17.18
431,Leova,87,MD,1583361762,76,46.48,28.26,50.38,8.37
432,Ambunti,100,PG,1583361763,81,-4.24,142.84,81.88,2.3
433,Zhangaözen,0,KZ,1583361765,82,43.3,52.8,40.68,4.23
434,Coahuayana Viejo,40,MX,1583361766,51,18.73,-103.68,80.6,11.41
435,Merrill,1,US,1583361767,37,45.18,-89.68,39.99,8.05
436,Luangwa,12,ZM,1583361768,96,-15.62,30.42,66.18,0.92
437,Hoa Binh,90,VN,1583361605,87,20.81,105.34,59.0,11.41
438,Winslow,1,US,1583361772,18,35.02,-110.7,64.4,6.93
439,Tayu,100,ID,1583361773,94,-6.54,111.05,74.86,1.54
440,Bac Lieu,81,VN,1583361774,84,9.29,105.72,76.46,9.33
441,Jiuquan,11,CN,1583361776,31,39.74,98.52,25.86,2.51
442,Turaif,0,SA,1583361777,62,31.67,38.66,51.8,13.87
443,Tres Arroyos,0,AR,1583361778,31,-38.37,-60.28,77.68,13.71
444,Maracaju,7,BR,1583361779,76,-21.61,-55.17,72.36,8.28
445,Uvalde,40,US,1583361728,43,29.37,-99.77,71.6,16.11
446,Fortuna,1,US,1583361783,81,40.6,-124.16,71.01,9.17
447,Bathsheba,40,BB,1583361784,69,13.22,-59.52,78.8,20.8
448,Huilong,0,CN,1583361785,67,31.81,121.66,48.0,7.87
449,Ifanadiana,86,MG,1583361787,99,-21.3,47.63,66.04,5.55
450,Paamiut,0,GL,1583361788,48,61.99,-49.67,10.45,4.94
451,Bandarbeyla,13,SO,1583361790,67,9.49,50.81,77.0,8.41
452,La Rioja,73,ES,1583361791,81,42.25,-2.5,53.6,6.93
453,Tautira,75,PF,1583361793,66,-17.73,-149.15,89.01,6.93
454,Anadyr,0,RU,1583361794,64,64.75,177.48,1.4,4.47
455,Salihorsk,100,BY,1583361795,95,52.79,27.54,44.6,1.95
456,Nantucket,1,US,1583361506,70,41.28,-70.1,50.0,17.22
457,Jarosław,75,PL,1583361797,93,50.02,22.68,36.0,10.29
458,Chumikan,93,RU,1583361799,88,54.72,135.31,8.53,1.05
459,Bosaso,0,SO,1583361800,78,11.28,49.18,76.69,9.15
460,Uravakonda,41,IN,1583361801,59,14.95,77.27,73.09,2.89
461,Mange,2,SL,1583361802,90,8.92,-12.85,75.13,4.36
462,Olinda,40,BR,1583361804,70,-8.01,-34.86,86.0,8.05
463,Fairbanks,1,US,1583361805,75,64.84,-147.72,-8.0,3.15
464,Mae Chan,0,TH,1583361806,93,20.15,99.85,64.4,1.43
465,Lanzhou,33,CN,1583361807,62,36.06,103.79,39.0,6.71
466,Atambua,99,ID,1583361808,78,-9.11,124.89,80.53,0.63
467,Dudinka,100,RU,1583361810,84,69.41,86.18,8.6,13.42
468,Breves,100,BR,1583361811,98,-1.68,-50.48,73.83,2.82
469,Barberton,20,ZA,1583361812,100,-25.79,31.05,66.2,10.29
470,Longyearbyen,75,SJ,1583361731,72,78.22,15.64,15.8,4.81
471,Portland,20,US,1583361546,37,45.52,-122.68,57.0,5.82
472,Minna,61,NG,1583361816,34,9.61,6.56,82.4,8.05
473,Lieksa,100,FI,1583361817,93,63.32,30.02,28.89,15.39
474,Luwuk,100,ID,1583361606,78,-0.95,122.79,81.59,9.8
475,Soe,86,ID,1583361819,67,-9.86,124.28,81.27,3.18
476,Sinnamary,41,GF,1583361821,76,5.38,-52.95,79.54,16.02
477,Dubrovka,100,RU,1583361822,94,53.69,33.51,41.41,12.12
478,Srandakan,100,ID,1583361823,96,-7.94,110.25,72.36,14.41
479,Kaeo,96,NZ,1583361824,100,-35.1,173.78,69.01,26.13
480,Zhaodong,6,CN,1583361826,92,46.08,125.98,8.6,6.71
481,Bānswāda,0,IN,1583361827,20,18.38,77.88,67.53,3.29
482,Puka,90,EE,1583361828,100,58.06,26.24,39.99,2.24
483,Tchaourou,1,BJ,1583361830,55,8.89,2.6,83.12,4.29
484,Kuusamo,100,FI,1583361832,78,65.97,29.18,15.8,13.87
485,Grand-Santi,65,GF,1583361833,70,4.25,-54.38,77.31,4.59
486,Lewiston,20,US,1583361535,44,44.1,-70.21,45.0,24.16
487,Clarence Town,90,AU,1583361835,88,-32.58,151.78,75.99,5.82
488,Kenai,1,US,1583361836,40,60.55,-151.26,18.0,16.11
489,Tigil',60,RU,1583361838,78,57.8,158.67,13.32,5.46
490,Port Hedland,0,AU,1583361841,94,-20.32,118.57,77.0,3.36
491,Viedma,73,AR,1583361822,37,-40.81,-63.0,80.56,18.01
492,Kaitangata,0,NZ,1583361843,69,-46.28,169.85,51.87,4.59
493,Chibuto,0,MZ,1583361844,95,-24.69,33.53,67.26,3.4
494,Itaueira,100,BR,1583361846,96,-7.6,-43.03,74.37,5.21
495,Jönköping,90,SE,1583361836,93,57.78,14.16,37.0,5.82
496,Baykit,100,RU,1583361848,93,61.67,96.37,19.04,6.44
497,Kouroussa,0,GN,1583361849,15,10.65,-9.88,75.94,3.0
498,Yar-Sale,100,RU,1583361850,91,66.83,70.83,-2.85,26.35
499,Rio Grande,20,BR,1583361842,57,-32.03,-52.1,75.2,11.41
500,Marawi,96,PH,1583361853,88,8.0,124.29,75.0,4.0
501,Omboué,100,GA,1583361854,96,-1.57,9.26,76.84,1.63
502,Yonezawa,100,JP,1583361855,78,37.92,140.12,41.0,3.0
503,Lagos de Moreno,75,MX,1583361765,25,21.35,-101.92,80.6,12.75
504,Zalţan,19,LY,1583361858,60,32.95,11.87,58.5,20.62
505,Cockburn Town,40,TC,1583361653,83,21.46,-71.14,77.0,13.87
506,Altus,40,US,1583361860,35,34.64,-99.33,57.2,6.93
507,Bilma,0,NE,1583361861,9,18.69,12.92,69.89,5.32
508,Tlanalapan,0,MX,1583361863,25,19.25,-97.27,65.35,11.81
509,Pathein,65,MM,1583361864,90,16.78,94.73,71.78,6.4
510,Honiara,20,SB,1583361665,74,-9.43,159.95,86.0,4.59
511,Lyngseidet,94,NO,1583361866,54,69.58,20.22,28.4,40.26
512,Muğla Province,75,TR,1583361868,59,37.23,28.36,62.6,16.11
513,Fort Abbas,0,PK,1583361869,52,29.19,72.85,63.48,8.59
514,Aykhal,100,RU,1583361870,84,66.0,111.5,1.4,4.47
515,Biltine,7,TD,1583361871,19,14.53,20.92,75.51,6.53
516,Chui,0,UY,1583361872,81,-33.7,-53.46,66.74,9.4
517,Klyuchi,99,RU,1583361874,90,52.27,79.17,15.8,13.65
518,Santa Rosa,20,PH,1583361875,78,14.31,121.11,75.2,1.12
519,Edson,1,CA,1583361876,27,53.58,-116.44,35.6,14.99
520,Neepawa,90,CA,1583361877,99,50.23,-99.47,32.0,16.11
521,Turbat,0,PK,1583361879,24,26.0,63.04,65.66,30.65
522,Hay River,90,CA,1583361880,70,60.82,-115.8,-0.4,4.7
523,Eston,20,CA,1583361881,64,51.15,-108.75,39.0,28.86
524,Srikakulam,1,IN,1583361882,86,18.3,83.9,69.87,1.54
525,Boromo,0,BF,1583361883,12,11.75,-2.93,81.63,1.86
526,Monção,75,PT,1583361885,87,42.08,-8.48,64.0,13.87
527,Huarmey,66,PE,1583361886,70,-10.07,-78.15,73.78,4.16
528,Santiago del Estero,0,AR,1583361887,43,-27.8,-64.26,77.16,2.64
529,Muisne,40,EC,1583361888,83,0.6,-80.03,84.2,9.17
530,Baruun-Urt,99,MN,1583361892,69,46.68,113.28,13.51,9.66
531,Broome,90,US,1583361813,60,42.25,-75.83,43.0,10.29
532,Guilin,40,CN,1583361894,93,25.28,110.29,50.0,6.49
533,Husainābād,16,IN,1583361896,51,24.53,84.02,66.36,2.44
534,Manyana,2,BW,1583361898,57,-23.4,21.72,67.23,2.1
535,Bud,1,US,1583361899,43,39.45,-86.18,55.4,5.82
536,Liaozhong,0,CN,1583361900,85,41.51,122.72,14.0,4.47
537,Havelock,90,US,1583361902,55,34.88,-76.9,60.8,5.82
538,Bālāghāt,0,IN,1583361903,33,21.8,80.18,64.87,4.65
539,Frontera,40,MX,1583361699,14,26.93,-101.45,78.8,17.22
540,Fayaoué,8,NC,1583361905,80,-20.65,166.53,80.76,13.6
541,Yichun,16,CN,1583361907,79,47.7,128.9,16.97,1.23
542,Batagay,94,RU,1583361908,83,67.63,134.63,-7.67,3.04
543,Yurimaguas,20,PE,1583361909,62,-5.9,-76.08,89.6,3.36
544,Avesta,85,SE,1583361910,92,60.15,16.17,33.8,9.17
545,Severo-Kuril'sk,100,RU,1583361912,88,50.68,156.12,25.39,4.56
546,Zabul Province,60,AF,1583361913,60,32.25,67.25,39.2,5.73
547,Ilulissat,20,GL,1583361775,47,69.22,-51.1,-9.4,2.24
548,Green River,1,US,1583361915,52,41.53,-109.47,42.8,28.86
549,Uíge,9,AO,1583361916,97,-7.61,15.06,67.93,2.82
550,San Francisco,75,US,1583361263,43,37.77,-122.42,81.0,3.36
551,Pimenta Bueno,25,BR,1583361919,91,-11.67,-61.19,74.5,2.19
552,Ankang,35,CN,1583361920,81,32.68,109.02,41.77,2.15
553,Formosa,0,AR,1583361921,45,-26.18,-58.18,87.8,5.82
554,Nyzhnya Duvanka,87,UA,1583361924,83,49.58,38.17,46.58,6.35
555,Salta,20,AR,1583361925,37,-24.79,-65.41,86.0,4.7
556,St. Marys,90,US,1583361926,100,30.73,-81.55,73.99,8.05
557,Tura,34,IN,1583361927,74,25.52,90.22,64.13,1.43
558,Mayo,1,US,1583361796,30,38.89,-76.51,62.6,8.05
559,Geraldton,24,AU,1583361930,63,-28.77,114.6,64.4,6.93
560,Birjand,40,IR,1583361931,69,32.87,59.22,39.2,6.69
561,Jinchang,0,CN,1583361932,31,38.5,102.17,30.29,8.63
562,Awjilah,24,LY,1583361935,30,29.11,21.29,63.5,12.59
563,Nishihara,90,JP,1583361937,72,26.18,127.76,60.8,18.34
564,Palwal,90,IN,1583361938,100,28.15,77.33,60.8,8.05
565,Belyy Yar,34,RU,1583361940,73,53.6,91.39,24.8,11.18
566,Yulara,0,AU,1583361941,55,-25.24,130.99,62.6,4.7
567,Brae,85,GB,1583361942,86,60.4,-1.35,41.0,11.41
568,Hanko,100,FI,1583361943,90,59.83,22.95,37.0,11.99
